claim,embedding
"Dr. Susan Edwards, an environmental scientist, claims:  
*""If we do not accelerate renewable energy adoption, global temperatures could rise beyond the critical 1.5Â°C threshold.","[ 9.09004081e-03  6.14003502e-02 -1.34791806e-02  2.96247154e-02
  3.67468782e-02 -1.09869270e-02 -3.46682742e-02 -1.48528907e-02
  1.30292047e-02 -1.36349872e-02  4.65266779e-02  1.25100821e-01
 -3.62542388e-03  1.99116245e-02  3.75361629e-02 -1.41224191e-02
  6.92904368e-02 -1.21312798e-03  1.87576879e-02 -8.88732355e-03
 -1.64451804e-02  4.27530101e-03  3.63082103e-02  2.66982918e-03
 -2.24031210e-02  2.23190375e-02  1.53121138e-02  7.53081217e-02
  2.97016613e-02  5.14186407e-03  1.21287843e-02 -3.97397019e-03
 -1.12942494e-02 -5.19663766e-02  1.70374778e-06 -1.79258212e-02
 -3.70255150e-02  7.51380762e-03 -8.51746928e-03 -1.27165765e-03
 -1.32940598e-02  7.93463644e-03  8.08647368e-03  1.82098933e-02
  1.22271962e-02 -4.50511128e-02  2.35989294e-03 -3.22781168e-02
 -4.71448824e-02 -5.71954437e-02 -1.52249662e-02  1.90349240e-02
  5.90769649e-02  2.87153963e-02 -4.07927372e-02  2.11238470e-02
  1.08881742e-02 -2.38423180e-02 -2.14997362e-02  1.18311802e-02
 -1.59390050e-03  1.20152973e-01 -1.55684333e-02  8.38016346e-03
  2.57436149e-02  8.55830777e-03  1.61167104e-02 -2.08099978e-03
  1.17791416e-02 -1.79761183e-02  4.84622419e-02 -4.79696840e-02
 -1.11365216e-02  4.09143558e-03 -1.16804577e-02  3.00265122e-02
  3.49843837e-02 -4.55765426e-02  2.63509490e-02 -2.58948151e-02
 -3.12479101e-02 -3.59888934e-02 -2.57337410e-02  4.82556783e-02
  4.39098217e-02  6.26003221e-02 -2.64649093e-02  1.65742263e-03
  1.97262447e-02  2.07808451e-03  3.94380614e-02 -1.64968371e-02
 -4.74984460e-02 -6.99683279e-02 -1.74264815e-02  2.69563645e-02
  4.50037606e-03  6.83263913e-02  3.15234326e-02 -4.01269607e-02
  4.55161035e-02  1.69749856e-02  6.88377842e-02 -1.35803632e-02
  5.26092909e-02 -5.07262200e-02 -8.21099728e-02 -8.99208710e-03
 -3.22935134e-02  3.06548114e-04  7.61143677e-03 -3.97359356e-02
  4.37252037e-03 -1.09640904e-01 -7.10305711e-03  4.65783849e-02
  1.99691243e-02 -4.75699753e-02 -1.38013484e-02  5.19196615e-02
 -3.80315073e-02  1.94148105e-02  3.94803919e-02  2.26947181e-02
  4.38645333e-02  5.80271967e-02 -8.45635030e-03 -1.34962015e-02
  4.53631729e-02 -5.84044047e-02 -1.90311279e-02 -5.38657308e-02
  4.82736155e-03  3.41248214e-02  4.59276466e-03  5.75505048e-02
  1.76269226e-02  1.55748671e-03  4.30327468e-02 -3.27876806e-02
  2.11447012e-03  2.14184485e-02 -2.69725900e-02  1.07794197e-03
 -6.76782727e-02  4.19893488e-02  2.01476514e-02  4.49375175e-02
 -4.53901701e-02 -5.35804720e-04  7.44383782e-03 -1.73472781e-02
 -4.20830101e-02 -1.77804381e-02  5.25783636e-02  1.72833987e-02
 -3.51743363e-02  2.27677226e-02  6.94636852e-02  1.24631394e-02
  1.29081160e-02 -3.45200486e-03 -3.79917584e-02  3.98029014e-02
  1.48534989e-02  4.76251803e-02  3.32527235e-02  5.72760310e-03
  5.60269924e-03 -3.25599089e-02 -3.56304832e-02  1.58362743e-02
 -9.29525215e-03 -2.86670700e-02 -1.24620693e-02 -1.63783748e-02
 -1.07780404e-01  2.90946662e-02 -2.75987443e-02  5.27843572e-02
 -3.59476842e-02 -1.44777019e-02 -1.31923135e-03  1.17902495e-02
 -3.42489518e-02 -4.40786891e-02  4.14454006e-02 -9.41545144e-03
 -6.94512203e-03  3.50756431e-03 -1.93254575e-02  8.21649563e-03
 -1.59826726e-02  2.18407940e-02 -5.86051121e-02  7.09095271e-03
  2.60570720e-02  1.68034376e-03 -1.69332102e-02 -2.42040586e-02
  1.46820825e-02  1.54276351e-02 -7.33152851e-02 -5.88909443e-03
 -2.15013418e-02  1.50269829e-02 -4.34614532e-02 -4.16858010e-02
 -2.38167103e-02 -6.38372600e-02  6.93217218e-02  2.20784801e-04
  1.27919717e-03  2.30788570e-02  1.25213573e-02 -1.34025896e-02
 -1.21459449e-02  5.87595673e-03 -3.41249742e-02  3.30214612e-02
 -4.98474063e-03  2.67223008e-02 -3.94277088e-02 -2.50481907e-02
 -3.46596204e-02  1.20576229e-02 -5.96506745e-02 -1.86251067e-02
  5.76970121e-03 -2.93923402e-03 -3.61041129e-02  2.93632038e-03
  1.66950561e-02  5.81544079e-03 -9.11588222e-02  5.50872758e-02
  3.07247024e-02  6.74104095e-02 -3.53722125e-02 -5.75589761e-02
 -2.11288594e-02  1.72084104e-02  2.55572852e-02  1.43149942e-02
  7.92032573e-03  1.89578207e-03  2.03840621e-02  3.21455509e-03
 -3.50286178e-02  1.39242865e-03  1.49322571e-02  2.45156307e-02
 -1.75239891e-02  2.13592239e-02  2.93486919e-02  1.24338493e-02
 -1.16385249e-02 -4.10308540e-02 -4.53156531e-02 -6.25079591e-03
 -4.50052284e-02  1.39129106e-02 -3.84591669e-02  2.00598896e-03
 -6.06757067e-02 -2.41093561e-02  6.12222776e-02 -1.53943663e-02
  3.42456857e-04  1.95454787e-02 -2.75826617e-03 -3.89918722e-02
 -5.64153912e-03 -3.73582989e-02  7.02190306e-03  6.82685003e-02
 -1.83479618e-02  2.84186564e-02  5.66092581e-02 -1.43712303e-02
  9.24228225e-03  2.63979584e-02 -3.21801715e-02  2.77039316e-03
 -3.74505669e-02  1.08541347e-01  9.81146991e-02  1.31923687e-02
 -2.86550615e-02  3.71128172e-02  1.90989114e-02 -8.30377452e-03
  7.97622371e-03  8.73959344e-03 -6.85792565e-02 -1.98694132e-03
 -2.34930422e-02 -5.95526323e-02  2.47632228e-02  3.18805641e-03
 -1.34770349e-02 -2.87167542e-03 -2.05013845e-02  3.41106541e-02
  8.34418535e-02 -4.69000004e-02  6.01716936e-02  2.40367930e-02
  2.99313087e-02 -8.99311081e-02  8.26794654e-03  8.57826322e-03
  8.56379345e-02  6.06287010e-02 -1.09506771e-02 -6.45816103e-02
 -2.71402355e-02 -2.70154104e-02 -9.47892666e-03  4.83606756e-02
  2.57660798e-03 -4.41545658e-02  2.15388704e-02 -8.29591043e-03
 -1.68738980e-02 -5.98476976e-02 -1.41210423e-03  1.94938108e-02
  2.52021104e-02 -3.01869474e-02  8.42160173e-03  1.30136823e-02
  4.65813801e-02 -1.44958878e-02 -8.25648308e-02 -8.23160931e-02
  2.51602810e-02 -1.75808351e-02 -2.05061231e-02  5.18247485e-02
 -2.27299239e-02 -1.50572974e-02 -3.67792021e-03 -3.08379661e-02
 -8.34309869e-03  8.00697878e-03 -1.66391127e-03 -1.33082736e-02
 -2.02308204e-02 -6.26079217e-02  4.08843048e-02  2.83506457e-02
  7.27381697e-03 -7.38248136e-03  1.42562538e-02  4.49157320e-02
  1.05621777e-02 -3.49452123e-02 -6.57814592e-02 -3.60230803e-02
  2.48657688e-02 -8.21707584e-03 -5.39765507e-02  3.13674705e-03
 -7.13886395e-02  6.63855895e-02  1.28367115e-02  1.86523274e-02
 -2.48916410e-02 -3.64024192e-02  3.72422598e-02 -2.02281810e-02
  2.83375829e-02 -4.98989318e-03 -4.35598977e-02  3.66440266e-02
  8.54611397e-03 -2.03727484e-02  6.95825368e-02 -1.25696287e-02
  3.11927479e-02 -1.56980939e-02  1.17621524e-02  1.66737624e-02
 -5.60148619e-02 -4.77434210e-02 -1.78410113e-02 -4.59049307e-02
  5.84494881e-02  3.68042625e-02 -3.07994988e-02  5.27745178e-05
  6.10181428e-02 -3.83529142e-02  1.27119962e-02  3.31083983e-02
  4.51869564e-03 -1.37441764e-02  1.05007095e-02  3.26985270e-02
 -1.90232303e-02 -1.75365917e-02  2.50085033e-02  2.12112609e-02
 -7.47544272e-03 -2.90884264e-02  7.95349181e-02  3.24743502e-02
 -2.84080468e-02  3.92486863e-02  2.83938181e-03 -5.28979376e-02
  2.10539112e-03 -1.98105685e-02 -1.95051078e-02  2.77765840e-02
 -2.40791198e-02 -1.00314515e-02  3.49663920e-03  2.49574035e-02
  1.18802097e-02  5.17258309e-02  4.46695723e-02  1.57788508e-02
 -1.10666957e-02  3.12248548e-03 -2.70869030e-04  1.00043397e-02
 -1.93338061e-03 -2.98402645e-03 -3.77021474e-03 -3.60976346e-02
 -4.24367785e-02  1.73420962e-02 -7.95867145e-02  4.22131233e-02
 -3.98257039e-02 -1.22457435e-02  2.42913445e-03  1.99428685e-02
  1.56337731e-02 -3.80259492e-02 -7.48479646e-03 -1.99005492e-02
 -5.99525357e-03  7.20289499e-02  2.92472001e-02 -1.06248409e-02
  2.77044484e-03 -2.02864129e-02  2.41247863e-02  1.37483645e-02
 -3.27733457e-02  1.24900870e-01  7.30942637e-02  3.44114006e-02
 -5.12456056e-03  4.92965104e-03 -4.90731038e-02 -2.83808168e-02
  3.83917093e-02  1.41420243e-02 -3.60988006e-02  5.83113171e-02
  6.13387860e-03 -9.27994959e-03  6.64162785e-02 -5.02782650e-02
  1.22989984e-02  6.25492772e-03  2.96687447e-02  1.78117712e-04
 -4.18106839e-03  2.90861782e-02  7.26648886e-03 -3.16675156e-02
 -3.68697904e-02 -4.36888523e-02 -4.06818055e-02  1.16185825e-02
  1.48892673e-02 -3.32588479e-02 -1.75784510e-02 -2.63514705e-02
  1.91413686e-02 -2.20224429e-02  2.79566776e-02 -4.04908136e-03
 -2.87056491e-02 -3.08821164e-03 -4.82669026e-02  2.90621631e-02
 -1.20756086e-02  1.01326026e-01  2.74587329e-02  2.55891271e-02
 -2.48779375e-02  6.65729418e-02 -2.60128342e-02  1.32370934e-01
 -2.65881792e-02 -4.93872864e-03 -3.77135277e-02 -5.78680187e-02
 -2.67937277e-02 -1.87322069e-02  5.91114163e-02 -5.01933508e-02
  5.30553656e-03  4.11953172e-03  8.74283444e-03  2.47614272e-02
 -3.38078216e-02 -9.57729891e-02 -1.54509675e-02  1.22357272e-02
 -3.01903486e-02  8.73180851e-02 -7.10026920e-03 -3.51119158e-03
  5.02648810e-03 -2.83369850e-02  8.62569921e-03 -4.82584760e-02
 -5.11735771e-03 -1.06685993e-03  2.75148917e-02 -4.11133319e-02
  1.75896212e-02 -3.75786498e-02  2.99739521e-02  8.38090014e-03
  1.26683163e-02 -2.09923997e-03 -1.58230811e-02 -6.48349002e-02
 -1.54038314e-02 -8.95123780e-02  3.02721057e-02  1.79590639e-02
  1.01476694e-02 -2.26911269e-02  3.70021947e-02  1.31562380e-02
 -1.03144320e-02 -1.29081286e-03 -5.37020946e-03 -6.17396496e-02
 -6.69663353e-03 -8.04453939e-02  4.53395024e-02 -1.23720802e-02
  1.48295276e-02 -2.31910776e-03  9.28357244e-03 -6.65923868e-33
 -7.84523878e-03  1.72320195e-02 -2.75325906e-02  7.93146193e-02
 -3.12305447e-02  3.36561464e-02 -3.79226133e-02  3.82959843e-02
 -5.44976816e-02  3.47854011e-02 -1.09226946e-02 -1.09563605e-03
  2.28298604e-02  3.87953920e-03  2.07093116e-02 -3.21332291e-02
  2.74550077e-02 -2.45428309e-02  1.54917454e-02 -4.76827240e-03
  5.47106266e-02 -1.95300591e-03 -2.51513091e-03 -5.47519652e-03
  2.36989595e-02  6.39238115e-03 -1.82883535e-02 -3.73932086e-02
  1.15993302e-02 -6.31983504e-02  6.13583550e-02  3.27882245e-02
  3.57456990e-02 -6.31377520e-03 -1.03761181e-02  2.15998981e-02
 -4.65660095e-02 -1.25597036e-02 -4.38336544e-02 -3.05311661e-02
 -1.32952062e-02  1.92102212e-02  1.50796864e-02 -2.49666348e-03
 -3.29112150e-02  4.04184349e-02  1.72272958e-02 -1.61011685e-02
 -3.18079889e-02 -5.66446548e-03  3.50545049e-02 -5.54139074e-03
 -2.64041480e-02  9.35125276e-02 -1.23151302e-01  7.77211934e-02
  4.34691384e-02 -4.30581486e-03 -3.04873828e-02 -7.47539755e-03
  4.65177111e-02  1.89595986e-02  5.70220640e-03 -1.06836334e-02
 -3.09951100e-02  6.03562482e-02  4.60634753e-02 -1.22813635e-05
 -4.69060726e-02 -4.27153967e-02 -1.41241951e-02 -2.58041043e-02
 -5.04836738e-02  3.79388593e-02 -3.14003341e-02  9.01821908e-03
 -4.57228441e-03  6.37501627e-02  8.12568665e-02  4.47393171e-02
  1.26674613e-02 -4.93480526e-02  4.05144058e-02 -2.74643339e-02
 -5.74788898e-02  8.38499293e-02 -1.57725401e-02  8.03397819e-02
  2.80764904e-02 -3.74657363e-02  3.27433981e-02  2.85575818e-02
 -1.38374539e-02 -2.10094508e-02  4.18477990e-02  6.30839169e-02
  5.70187457e-02  3.86227621e-03  3.53533105e-04  7.03924969e-02
 -2.45265178e-02 -3.00422348e-02 -4.44060676e-02  3.04310378e-02
 -2.61143185e-02  3.76836918e-02 -2.71531194e-02 -2.17451341e-02
  7.19664153e-03  1.79374346e-03 -6.15850557e-03 -6.58550020e-03
  1.51941441e-02 -2.96073668e-02 -3.29347029e-02 -5.91783077e-02
  3.27224582e-02  2.14190464e-02  3.79729760e-03  1.01654485e-01
  3.40592191e-02  2.67861765e-02 -2.20605452e-02  3.32167111e-02
  1.66534744e-02 -3.30211967e-02 -2.76018474e-02 -5.31988256e-02
 -1.01245433e-01 -2.97828335e-02  2.39645820e-02  1.42832315e-02
  2.48257095e-07 -1.17348749e-02 -3.84620093e-02 -1.41904957e-03
 -1.87292788e-02 -3.24431509e-02  2.26805806e-02 -1.14712138e-02
  3.21513489e-02 -1.36456890e-02  1.15539078e-02 -2.54610982e-02
 -4.57773246e-02 -3.52413976e-03 -1.14605650e-02  1.39027473e-03
 -4.83082086e-02 -2.20497395e-03  3.03536151e-02 -5.80733083e-03
 -2.07932070e-02  2.64667310e-02 -1.20720966e-02 -3.47672706e-03
 -4.70899278e-04  1.82655472e-02  3.36291865e-02  3.45867649e-02
 -7.71801621e-02  6.02755621e-02 -1.61089804e-02  1.20993853e-02
  3.83851156e-02  4.75679943e-03  1.31953098e-02 -4.69123945e-03
 -3.05374973e-02 -4.16934267e-02 -2.18506847e-02  2.49195844e-02
 -4.03504074e-02  3.32503207e-02 -9.22359468e-04 -2.79526878e-02
 -3.57055776e-02 -7.17206998e-03 -1.72319319e-02 -8.85715708e-03
  7.16188028e-02 -3.92038301e-02  4.40205671e-02 -1.78754721e-02
  2.47460883e-03 -5.03383502e-02  2.40875240e-02  1.63645595e-02
 -2.46253181e-02 -4.25618403e-02  1.06767507e-03  1.31354658e-02
 -2.28619650e-02 -3.28935497e-02  5.20860404e-03 -1.93329509e-02
  6.41105920e-02 -1.87320169e-02  1.60051398e-02  4.96544130e-02
  1.83017330e-34  5.19905351e-02 -6.32253140e-02 -1.38183555e-03
 -2.81067342e-02 -1.97611004e-02  2.26042848e-02 -4.83069718e-02
  2.42758319e-02  2.90233120e-02 -2.40737516e-02 -2.47922391e-02]"
"During a press conference, U.S. Senator Mark Reynolds stated:  
*""The government must provide subsidies for households struggling with energy costs.","[-2.49421429e-02  5.97175658e-02  3.76873330e-04  1.23420041e-02
  3.54638658e-02  2.69142278e-02 -1.13523833e-03  2.37911427e-03
 -2.83642039e-02 -9.90880094e-03  7.34238327e-02  7.82013759e-02
  2.22492255e-02  4.62859590e-03  3.86521108e-02 -2.24615689e-02
  3.81394885e-02  5.43550625e-02  4.52601276e-02  1.50599964e-02
  3.86574515e-03  3.01461518e-02  8.30936711e-03 -1.46649927e-02
 -5.55993244e-02  8.15614499e-03 -1.79974660e-02 -2.05022544e-02
  5.61715662e-02  2.15479545e-03  7.13347495e-02 -2.17439979e-02
 -1.49741462e-02 -4.47130203e-02  1.68843019e-06  1.02951489e-02
 -9.57132690e-03  4.77735838e-03 -1.39852827e-02  3.21618617e-02
  4.57201637e-02 -5.49913496e-02 -1.20195867e-02  1.75226238e-02
 -3.32715660e-02 -6.17170855e-02  4.35717739e-02 -1.88954994e-02
  3.66353877e-02 -2.45079659e-02 -9.45850834e-03  4.56575956e-03
 -4.78509888e-02 -8.28089542e-04 -3.23482007e-02  8.39417651e-02
 -8.93704686e-03  1.54954065e-02 -8.43801200e-02 -4.73414250e-02
  2.21748520e-02  5.90470880e-02 -9.18736681e-03 -2.03586761e-02
 -1.74333714e-02  3.74367945e-02 -1.03948554e-02  9.01895575e-03
 -1.64148901e-02  1.88648850e-02  9.94531140e-02 -1.97745897e-02
  9.96062905e-03 -3.18240635e-02 -5.69841899e-02  4.63522337e-02
 -6.22419975e-05 -6.74360944e-03 -1.54767493e-02  2.64368337e-02
 -6.57215761e-03  2.16841022e-03  8.22042581e-03  2.16276851e-02
 -3.83279333e-03  1.23278666e-02 -5.68337254e-02 -1.17285587e-02
 -1.60661584e-03  7.10076988e-02  1.25512229e-02 -3.19358259e-02
 -2.59268377e-02 -4.54294458e-02  2.99929120e-02  3.39758471e-02
 -5.46724023e-03 -1.57526731e-02  2.55929995e-02 -6.12757504e-02
  3.54645890e-03 -4.37252410e-03 -2.92152073e-03  1.15326503e-02
  4.69662733e-02 -8.98956903e-04 -5.28795533e-02 -3.06965765e-02
 -6.83747008e-02  1.60467159e-02  2.55501159e-02 -5.28175617e-03
 -3.99010144e-02 -4.52794228e-03 -5.51728383e-02 -7.29512423e-03
  1.00607220e-02  4.65377755e-02 -2.56110560e-02  3.31770703e-02
 -8.54580253e-02  8.77579208e-03 -2.36831922e-02  3.36203550e-04
 -1.63303930e-02  9.44312289e-02  9.00260825e-03  7.40457745e-03
 -5.68986451e-03  7.44936243e-03 -3.03422026e-02  8.08803085e-03
 -1.51974056e-02 -7.56533025e-03 -1.12565383e-02 -7.87892267e-02
  4.37596478e-02 -1.30971717e-02  4.89560738e-02 -4.38067019e-02
  2.55238777e-03  4.33716029e-02 -8.85314588e-03  2.69321054e-02
 -2.35226154e-02 -2.47065462e-02  4.42900732e-02  4.36877180e-03
 -5.38494997e-03 -1.67547558e-02  3.50996852e-02 -1.10844560e-02
  3.58442515e-02 -6.78296294e-03  4.69681434e-02 -9.28312447e-03
 -4.90039028e-02 -4.42085229e-03  7.63367191e-02 -5.46126766e-03
 -4.07778881e-02 -5.36343381e-02 -2.88308598e-02 -1.96255799e-02
  3.84882279e-02  4.95868362e-02 -7.52381422e-03  9.27395094e-03
 -4.93063703e-02 -6.55919500e-03  3.99487726e-02  8.31482103e-05
  3.84010747e-03  4.26085666e-02  7.38516450e-03 -5.84857026e-03
 -1.67710856e-02 -4.91347089e-02 -8.42837840e-02  1.06806457e-01
 -3.71743962e-02 -2.01408453e-02  5.63352108e-02 -3.05388253e-02
 -3.28536071e-02  1.48623600e-03  5.73440194e-02 -6.66205734e-02
  1.29859950e-02 -7.05414638e-03  9.85978288e-04  1.75451506e-02
  1.05147976e-02  8.48303586e-02 -1.17367264e-02  2.12376490e-02
 -3.55521142e-02  2.31275074e-02  7.22763594e-03  6.92363689e-03
 -2.04531997e-02 -7.22512901e-02 -5.97788170e-02 -1.75929372e-03
 -5.27561642e-03  2.36339103e-02  4.12213132e-02 -1.05284145e-02
  5.30066006e-02  9.05716978e-03  8.35812092e-02 -1.99960787e-02
  4.44108061e-03  2.25077756e-03 -4.93982015e-03 -8.13980252e-02
  1.92692857e-02  3.52104902e-02 -5.76929189e-02 -1.53382570e-02
 -2.00207904e-02  8.10260698e-02  9.02372296e-04 -3.73373856e-03
  8.45124796e-02 -3.58086778e-03 -5.52684590e-02  1.04620745e-02
  1.70936075e-03 -4.03139889e-02  1.23491157e-02  4.88997065e-03
  2.29784660e-02 -6.00200146e-02  2.29853317e-02 -4.73655388e-02
 -3.05415671e-02 -1.30927460e-02  3.78803797e-02  2.42494382e-02
 -4.37824801e-03  6.01913854e-02 -2.48915050e-03 -2.25345213e-02
  2.68491171e-03 -1.07030831e-02  3.83996707e-03 -2.99515631e-02
 -4.83969450e-02  3.25218849e-02 -2.92683486e-03 -1.24948295e-02
  1.05271563e-02  5.05666919e-02  1.57073196e-02 -4.53584902e-02
 -2.70724809e-03 -3.41175385e-02 -3.51489969e-02  6.49431422e-02
  4.63710679e-03 -2.50830781e-02 -3.76680270e-02 -3.30431424e-02
 -4.32730000e-03  9.14313551e-03  7.12980106e-02  6.39429018e-02
  2.63607167e-02  5.20758610e-03  9.53649357e-03 -3.87752801e-02
 -2.46442761e-02 -2.72647012e-02  4.50173486e-03  7.03077251e-03
 -9.68801323e-03  1.24865687e-02 -2.87608281e-02  7.52462400e-03
 -4.76495689e-03 -3.93443275e-03  1.90569330e-02  9.29712597e-03
 -2.70419791e-02  7.68276583e-03  5.80469966e-02 -4.35041077e-02
 -2.17518341e-02 -1.81024037e-02  7.09837750e-02 -4.12780493e-02
  2.29593907e-02 -6.18032180e-03 -4.07951362e-02  7.96308368e-03
  1.92629918e-02 -1.68894269e-02 -1.17058493e-02  3.07651740e-02
 -1.73408259e-02 -2.09815949e-02 -7.89251551e-02  3.75174321e-02
 -2.00464707e-02 -4.09799218e-02  8.36697221e-03  2.19007228e-02
  9.61628705e-02  3.70240607e-03  5.72765479e-03  1.46782277e-02
  2.85745058e-02  2.25885008e-02  1.91673767e-02 -1.31918360e-02
  3.97326238e-02 -1.57618839e-02  1.99697842e-03  1.41992560e-02
  4.32764180e-03 -1.49207776e-02  6.51083305e-04 -4.93801534e-02
 -3.44105996e-02 -4.30674627e-02 -5.92488311e-02 -5.06070927e-02
  3.09299007e-02 -4.82331030e-02  9.72534530e-03 -1.17890183e-02
  3.58622372e-02  1.41715407e-02 -3.67959887e-02  2.58353632e-02
  3.36291716e-02  6.13641031e-02 -1.96056850e-02  2.71250755e-02
 -3.51756401e-02 -3.31586972e-02  1.49790226e-02 -3.57315205e-02
 -1.47562129e-02 -3.55425514e-02  3.62577699e-02 -8.66517890e-03
 -7.87528604e-02 -1.06400214e-02 -6.68811565e-03  4.57989648e-02
  1.61188561e-02 -6.74777292e-03  2.40734145e-02  6.24988135e-03
 -9.30519309e-03  2.35872418e-02 -6.50931075e-02 -1.67109519e-02
  2.39259470e-02  1.01710651e-02  1.56868529e-02  5.91602474e-02
 -1.53047675e-02  4.30524275e-02  1.22854868e-02  2.59356834e-02
  5.01229204e-02 -4.41889046e-03  1.26653574e-02  5.30554429e-02
 -2.27675773e-02 -1.06199915e-02 -1.69639327e-02  1.61326528e-02
 -1.50490571e-02 -6.83475286e-02  9.54843760e-02  1.20461860e-03
  4.02611159e-02 -8.46978948e-02  2.48770732e-02  3.33370641e-02
  3.19981389e-02  1.42799187e-02  3.46432291e-02 -6.26274049e-02
  3.23016793e-02  3.87286730e-02 -2.05355007e-02  2.95788962e-02
 -8.38108733e-03 -1.16188303e-02 -7.59844575e-03 -5.13297098e-04
 -3.15560475e-02 -3.19438167e-02  4.43793796e-02  1.07369358e-02
  5.46660945e-02  4.61907461e-02 -1.07894081e-03 -5.49490266e-02
 -1.63648801e-03  1.84308384e-02  5.23269586e-02  4.56140339e-02
  4.23923023e-02  4.44648340e-02  1.64721273e-02 -8.00411925e-02
 -5.57827242e-02 -2.20583286e-02 -3.71929221e-02 -6.20652288e-02
 -1.63719561e-02 -4.33577523e-02  3.26277502e-02  1.12018606e-03
  2.48876656e-03  4.96340357e-02 -2.52190065e-02 -6.30406439e-02
  9.84905455e-06  3.08003873e-02  5.47775179e-02  3.92788053e-02
  2.03804392e-02 -2.74805538e-02  5.91402687e-02 -2.19259132e-02
 -3.54322121e-02 -5.43293245e-02 -6.28166944e-02  1.49867879e-02
  1.43242646e-02  2.72211339e-02 -4.46444098e-03 -1.38985168e-03
  3.77838016e-02  2.09844802e-02 -2.69683953e-02 -2.36360822e-02
 -3.18540297e-02  4.14473121e-04  4.27155793e-02  2.84970049e-02
  1.57879367e-02 -4.40223664e-02 -4.67471592e-02  1.96410399e-02
 -1.20631076e-01  3.65395471e-02  5.10663278e-02  1.83406435e-02
 -4.79996018e-03 -3.21720950e-02 -2.62198355e-02  2.60485406e-03
  5.25422487e-03  1.83362365e-02  2.53597759e-02 -8.53799563e-03
  3.00462116e-02 -6.02739416e-02  1.14740096e-01 -7.19565004e-02
 -2.32326761e-02  3.80211920e-02 -9.30284988e-03 -1.96446236e-02
  3.29175666e-02  1.98668838e-02  1.22296968e-02 -7.70229101e-02
  2.63924450e-02 -1.48678450e-02  1.36092687e-02  4.21350487e-02
  4.59802616e-03 -2.49911211e-02 -1.78132094e-02 -8.02512839e-02
 -1.79382097e-02 -7.34315673e-03  1.02957021e-02  2.28993557e-02
 -4.45355549e-02 -3.51560698e-03  2.13182475e-02  6.86187856e-03
 -1.56351912e-03  1.68393161e-02  1.41295623e-02  6.93517253e-02
  1.60292685e-02  7.54904822e-02  3.24901454e-02  1.60358585e-02
  3.00666317e-03 -2.64782775e-02  3.29248831e-02  3.91813554e-02
 -6.22925945e-02  1.71922948e-02  4.47664224e-02 -1.19197721e-04
  4.66088727e-02 -9.92207322e-03 -9.85801034e-03 -1.53351808e-02
  2.29573883e-02 -7.89669901e-02  1.09051531e-02 -3.87579314e-02
 -1.45481462e-02  4.71476801e-02  1.12621775e-02 -2.57287771e-02
  6.74957642e-03  4.80260327e-02  1.33166509e-02 -4.02237885e-02
  1.60114933e-02 -1.00000175e-02  2.32423972e-02 -2.30525024e-02
 -1.63312927e-02  1.14097660e-02  1.06406227e-01  2.48449259e-02
 -5.41063817e-03  9.23110871e-04  5.71258692e-03 -8.05621445e-02
  6.37739152e-03 -5.06713428e-02 -1.56309195e-02 -1.69241875e-02
  1.15646506e-02  5.35545647e-02  1.61056314e-02 -2.40935385e-03
  7.59642664e-03  4.75735255e-02  5.27973175e-02 -3.85087542e-02
 -2.00958569e-02 -1.16864100e-01  4.15449999e-02  8.70452914e-03
 -1.05996810e-01  3.79537418e-02  7.78475776e-03 -6.64280160e-33
 -3.43586430e-02 -3.94023582e-02  2.45463531e-02  2.47830320e-02
  2.44052149e-02  3.76619622e-02 -8.68902821e-03 -3.19499262e-02
 -1.37663847e-02 -3.28501314e-02 -1.37066515e-02  2.38452032e-02
  4.27429490e-02 -3.05241859e-03  2.08848882e-02 -6.40870705e-02
  5.23459464e-02 -3.08440998e-02 -3.74076166e-03  3.89237143e-03
 -4.61460128e-02 -2.69924421e-02  1.46873798e-02  1.29001302e-04
  4.88021597e-02  1.74459554e-02 -1.06720226e-02 -2.86091492e-02
 -1.40566351e-02 -2.09004655e-02 -5.94408903e-03  8.14567972e-03
  5.09987865e-03 -8.66760314e-03  9.00266320e-03  1.12474799e-01
 -4.89191711e-02 -1.08121885e-02 -3.69302295e-02 -1.81561615e-02
 -2.14792583e-02  5.07975674e-05 -3.30608850e-03  4.60943095e-02
  1.87990740e-02  3.63478139e-02 -1.13990931e-02 -3.30511224e-03
 -5.04206959e-03  1.60120595e-02  4.89408411e-02  4.81276074e-03
 -5.01301559e-03  9.83985960e-02 -8.22982937e-02  7.13781267e-02
  3.04726213e-02  1.12332158e-01 -3.86870652e-02  2.09127776e-02
 -8.85701273e-03  1.17295552e-02  5.56902140e-02 -3.16364714e-03
 -2.66109947e-02 -7.52874697e-03 -1.28179761e-02  3.37549262e-02
 -4.55540754e-02 -1.57872383e-02  2.31201537e-02 -7.03681633e-02
 -5.99065945e-02  2.98840273e-02 -1.75372027e-02  2.28274763e-02
 -1.01849735e-02  5.35988472e-02  4.14540134e-02  2.02727690e-02
  3.14633362e-02 -1.96931306e-02  2.87255626e-02 -1.09190773e-02
 -1.82170756e-02  6.65678224e-03  2.03228965e-02  2.74649858e-02
  2.43984326e-03  3.79801332e-03  3.04871378e-03  8.64745900e-02
 -1.20700207e-02  2.02801395e-02 -1.81182548e-02 -2.51943506e-02
 -1.02021848e-03 -3.49456146e-02 -3.37032564e-02  2.74462905e-02
 -4.11431976e-02 -1.35354167e-02 -2.99771549e-04  5.39132506e-02
  2.06135921e-02  3.53527343e-04  6.69889525e-03 -4.63745706e-02
 -3.36114578e-02 -3.24052264e-04  3.08602210e-02 -1.54144773e-02
 -2.50165202e-02  1.27520775e-02 -1.28693855e-03  2.41142116e-03
  4.83582988e-02 -2.32346822e-03 -6.16937876e-02  2.90552829e-03
 -2.99406145e-02 -8.09039120e-05 -9.01321992e-02 -1.53328562e-02
 -5.01232035e-02  1.13382621e-03 -2.51230481e-03 -4.68595959e-02
  7.30955508e-03 -2.14168616e-02 -3.56582925e-02 -6.97005615e-02
  2.49444014e-07 -1.16646076e-02  2.73635779e-02 -7.55794905e-03
 -2.91821826e-02 -6.25556558e-02 -1.31121688e-02  1.81175154e-02
  6.16367767e-03 -7.15683997e-02 -2.39214785e-02  3.40286046e-02
 -5.93636669e-02  2.61827349e-03  1.00178076e-02 -4.21140194e-02
 -2.68157143e-02 -2.24164985e-02 -3.15390388e-03 -3.26197408e-03
  3.15917283e-03  4.16418463e-02 -1.63035765e-02 -1.47786001e-02
  3.36735025e-02  3.48050930e-02 -1.17810238e-02  2.53427848e-02
 -5.96870966e-02 -2.38167215e-02 -3.86343971e-02 -9.49042197e-03
 -1.01536103e-02 -1.25788329e-02 -4.01981780e-03 -2.31627338e-02
 -2.71005556e-02 -4.29969877e-02  5.16227297e-02  3.95178050e-03
 -7.37063959e-02 -6.10418878e-02  2.86710914e-02  8.64029676e-03
  4.81861942e-02 -4.21743654e-02 -5.06430259e-03 -1.24807125e-02
  2.27981480e-03  3.25333811e-02 -3.22172255e-03 -4.34965715e-02
  9.05535417e-05  3.41286659e-02  1.85806816e-03 -2.33292975e-03
 -3.27071287e-02  4.45712451e-03 -5.94623992e-03  2.56642420e-02
  2.10934244e-02  2.09271666e-02  4.77620251e-02 -5.46383783e-02
  8.39952976e-02  3.46591510e-02  6.33447841e-02  8.65112350e-04
  2.15294683e-34 -3.39429490e-02 -3.40045914e-02 -2.27626711e-02
  3.98211330e-02 -9.22876038e-03  7.73578044e-03 -6.07892089e-02
  4.96944971e-02  8.33882671e-03 -5.46055399e-02  1.90835781e-02]"
"Research by the **Global Economic Institute** suggests that without a long-term transition plan, energy prices will continue to rise.","[-5.75939007e-02  8.26766491e-02 -1.21492306e-02 -2.77910307e-02
  3.98358330e-02 -1.34702185e-02  1.62792690e-02 -3.99674326e-02
 -2.94084996e-02 -1.45072062e-02  8.48237202e-02  1.04599491e-01
 -6.93557411e-02  5.74883185e-02  4.58139330e-02 -2.38156579e-02
  4.95451242e-02 -2.74074022e-02  1.14947222e-02 -1.88331753e-02
 -5.28849848e-02 -4.25640903e-02  2.46217102e-02 -3.42624076e-02
 -1.06947813e-02  1.71416979e-02 -1.06165009e-02  1.13270832e-02
  1.36204539e-02 -3.91597562e-02  3.95335630e-02 -1.51963392e-02
 -4.07763422e-02  6.52139820e-03  1.58417379e-06 -3.00848000e-02
 -7.66235664e-02  1.16220424e-02  7.28986114e-02 -3.18662859e-02
 -2.15254072e-02 -1.74754430e-02 -6.78770291e-03  2.79925615e-02
 -3.25932391e-02 -1.71445142e-02  7.55409664e-03  6.61030132e-03
  5.90108670e-02  8.79414193e-03 -3.21393227e-03 -2.51593292e-02
 -1.60183180e-02 -6.49676332e-03 -3.06016151e-02 -2.81840581e-02
  1.54535593e-02 -1.85082518e-02 -9.42826048e-02  2.73415316e-02
  1.29580311e-02  6.09876588e-02 -5.37102558e-02 -3.51399705e-02
 -2.86816759e-03  1.83714135e-03 -9.36907809e-03 -5.21269860e-03
  1.32266069e-02  1.41110718e-02  5.95618747e-02 -1.47000542e-02
  3.80356498e-02  1.16571737e-02  1.34352304e-03 -7.31792673e-03
  2.97758938e-03 -1.64014529e-02  2.99371965e-02 -6.77532575e-04
  4.62623052e-02 -2.73452047e-03 -2.21040938e-02 -1.59014612e-02
 -4.68427725e-02  8.41706768e-02 -1.96033083e-02 -4.36334163e-02
  8.54742061e-03  4.00613882e-02  6.11505359e-02  1.73756108e-02
 -2.99361125e-02 -6.67470023e-02 -6.69338880e-03  2.57927850e-02
  4.73389961e-03  6.88470826e-02  7.67250266e-03 -3.42419893e-02
 -9.66734625e-03  2.65536755e-02  3.80744562e-02 -5.62094210e-04
 -1.99787319e-02 -3.34774889e-02 -7.45184049e-02 -2.62009054e-02
 -3.70352939e-02  4.54494096e-02  1.12597020e-02 -4.32008225e-03
 -2.89114751e-03 -3.88438180e-02 -1.49016343e-02  1.35063948e-02
  3.87960933e-02 -7.37917703e-03 -2.02038195e-02  7.01151639e-02
 -1.03777610e-02  2.52662376e-02  1.23089263e-02  3.68679389e-02
 -3.50536741e-02  9.29693133e-02  1.68057811e-03  3.53969783e-02
  1.45821301e-02  4.38019224e-02 -2.27454696e-02 -5.64396605e-02
  6.93621486e-03  5.46220541e-02  3.93633079e-03  1.02762477e-02
  1.42119229e-02 -2.98216473e-03 -1.42805297e-02  5.35593787e-03
  2.66804881e-02  3.42558771e-02  8.36464465e-02 -3.16597824e-03
 -3.62792686e-02  1.17309038e-02  2.79623549e-02  6.49061725e-02
 -2.03900319e-02  1.32091212e-04  1.14600454e-02 -7.73891434e-03
 -5.84005229e-02 -5.87892439e-03 -2.72612972e-03 -9.67937056e-03
 -4.53940630e-02  2.04374306e-02  4.63109463e-02 -2.47234907e-02
 -1.97635889e-02 -2.06887424e-02 -4.32563871e-02 -2.12867316e-02
 -1.04165226e-02  2.02996694e-02  6.60445392e-02 -3.38731818e-02
  3.04966383e-02 -2.50158645e-02 -2.97443233e-02 -4.75228615e-02
  4.21061367e-02 -1.71970706e-02 -1.48499419e-03 -3.50904576e-02
 -6.55808076e-02  2.43081450e-02 -4.63911146e-02  1.13871405e-02
 -6.77420869e-02 -1.87425539e-02  1.59882456e-02 -2.21483875e-02
 -5.77942692e-02 -9.62113217e-03  2.68686991e-02 -2.47480739e-02
  1.83089785e-02 -9.69117245e-05  1.83057152e-02 -6.63809304e-04
 -2.68644933e-02  2.04064902e-02 -3.66545282e-02  1.45083871e-02
 -1.12180701e-02  3.06554697e-02 -1.59499161e-02  2.22421084e-02
 -3.33373398e-02  5.92364836e-03 -2.90051419e-02 -3.84719856e-02
 -9.13193636e-03  2.45035253e-02 -4.17565592e-02 -4.73841317e-02
  1.84959136e-02 -9.64143220e-03  4.49669808e-02  4.13194373e-02
 -1.13009792e-02  2.60531772e-02 -3.76536399e-02 -4.27467562e-02
 -1.08105065e-02  2.12801192e-02 -4.37426232e-02  1.56131387e-02
 -2.09641568e-02 -9.40383226e-03  7.76573876e-03  8.82193632e-03
 -1.70519706e-02  5.80226630e-02 -5.61898984e-02 -9.08498000e-03
 -4.50468957e-02 -3.52364555e-02 -1.37676485e-02  2.67903246e-02
  2.08593607e-02 -4.43099961e-02 -1.63853802e-02  1.39536979e-02
 -4.92020734e-02  7.95279816e-02  4.83949371e-02 -6.42452901e-03
 -6.66878559e-03 -7.67260268e-02  1.82156377e-02 -3.77542153e-02
  5.99861145e-02  1.45018501e-02  1.79968663e-02  8.64414871e-03
 -1.82255208e-02 -2.21865345e-02  2.81359740e-02  2.05808990e-02
  2.20799958e-03  2.77512446e-02  8.91411095e-04  2.19757184e-02
 -7.50611443e-03 -5.04557490e-02 -4.86217104e-02  1.24478713e-02
  6.24479502e-02 -4.04588412e-03 -8.13295692e-02 -2.63703503e-02
 -3.83774303e-02 -3.23272473e-03  1.11677825e-01 -1.00963423e-02
  3.66292172e-03  1.53719056e-02  1.70281027e-02 -1.19391503e-02
 -2.96129510e-02 -3.53941992e-02 -1.22407731e-02 -1.90521888e-02
  4.05538641e-02  4.85680848e-02  3.37013672e-03 -1.24858199e-02
  1.08320666e-02  1.46530438e-02 -4.62962352e-02  4.40185395e-04
 -2.37114485e-02  3.30298282e-02  2.16597300e-02  9.97640938e-03
 -2.62866020e-02  5.95949404e-02  4.36008982e-02 -8.69741850e-03
  1.18081663e-02 -2.63110157e-02 -6.85736239e-02  8.96146428e-03
  6.09563962e-02  2.89192959e-03  6.73785014e-03  1.01327058e-02
  3.35010281e-03 -4.55278642e-02 -7.97356442e-02  2.88094189e-02
  3.02370805e-02 -3.51835079e-02  3.69065702e-02 -1.06919333e-02
  1.86481699e-02 -2.91314046e-03 -1.07119167e-02  2.81918328e-02
  5.37270419e-02 -1.92934126e-02 -1.47256600e-02 -3.63158733e-02
  2.23614555e-02  4.95278090e-03  1.34751247e-02  3.99789922e-02
  2.60968581e-02  1.21452119e-02  2.75326595e-02 -3.74834202e-02
 -2.11578421e-03 -3.90758179e-02 -2.80587617e-02 -3.34413536e-02
  2.13506892e-02 -4.42547612e-02 -1.26371933e-02  1.37033165e-02
  4.74885218e-02 -4.82503474e-02 -6.90154880e-02 -1.89436432e-02
  1.94365568e-02  1.16580608e-03 -2.11417619e-02  2.84364168e-02
 -2.79367398e-02 -7.33120949e-04  4.15539602e-03 -8.84407759e-03
  1.91144869e-02  2.09682193e-02  1.99968684e-02 -1.89615786e-02
  2.53154766e-02 -2.76240669e-02  5.02230637e-02  3.03361174e-02
  2.87013445e-02  7.83462194e-04  3.03994399e-02  1.83881279e-02
 -1.89584196e-02 -1.05738286e-02 -1.62221435e-02  6.61511580e-03
  3.02286595e-02 -1.47889303e-02 -3.02465837e-02  2.58986074e-02
 -1.04076207e-01  3.11775059e-02 -1.66500770e-02  3.33457068e-02
 -4.02528681e-02 -4.24134322e-02 -4.55420353e-02  7.00582517e-04
 -2.07864959e-02  8.41589004e-04 -5.73421642e-02  3.53990346e-02
  6.52902876e-04 -1.72785483e-02  6.03086129e-02 -8.41625128e-03
  2.39993129e-02 -3.61147337e-02  4.86003980e-02  5.20085171e-02
 -2.03663595e-02  1.60686448e-02 -1.57498270e-02 -5.48866577e-02
 -6.87371567e-03 -5.72328595e-03 -5.58681712e-02  4.18180600e-02
  7.87814409e-02 -5.58809079e-02  3.33985463e-02  2.95762978e-02
 -5.33024073e-02 -8.35927855e-03 -4.04561013e-02  1.46880252e-02
  1.94007494e-02 -4.56068926e-02  3.28835711e-04 -2.94787493e-02
  1.65620744e-02 -7.90802762e-03  5.10158986e-02  5.84330671e-02
 -6.28419407e-03  4.41032648e-02  4.82402518e-02 -3.09196431e-02
 -1.40803829e-02  5.59366588e-03  2.84501947e-02  4.74318676e-02
 -7.47325225e-03  2.69904267e-02 -3.60032283e-02  2.72098533e-03
  6.55526994e-03  6.17086925e-02 -1.03644868e-02 -5.89377768e-02
 -5.90939745e-02  1.30118299e-02  4.39201333e-02 -2.43316889e-02
 -1.26250498e-02 -6.94088116e-02  4.01417017e-02 -6.28656521e-02
 -1.27003025e-02 -2.51158550e-02 -6.58693090e-02  7.65797570e-02
  1.41289467e-02 -3.28208841e-02  8.17745104e-02  4.39243577e-02
 -7.20427313e-04 -1.90466642e-02  3.66649330e-02 -6.11310499e-03
 -2.32792422e-02  3.39831933e-02  7.13356212e-02 -1.70628075e-02
 -2.58342680e-02  4.88035614e-03  2.81172320e-02 -2.15919986e-02
 -6.79162443e-02  3.23176682e-02  9.57261547e-02  6.86492547e-02
 -3.19075026e-02 -2.42561568e-02 -2.16798149e-02  5.49960835e-03
  1.52684581e-02  1.97374560e-02 -4.31753881e-03  4.49811853e-02
  6.16164133e-02  2.35049333e-02  1.82927661e-02  4.42809612e-02
 -4.41005919e-03  8.18664022e-03  3.72236706e-02 -2.74871159e-02
 -3.11646541e-03  2.11136043e-02 -1.83356088e-02 -6.43872619e-02
 -1.80032831e-02 -3.21404524e-02  2.77126953e-02  1.69964358e-02
 -3.98453549e-02  1.01124458e-02 -1.79830212e-02 -4.81664948e-02
  1.22130876e-02  3.68320849e-03 -8.04972835e-03  2.33674143e-02
 -4.31992188e-02  1.52188540e-02  2.20027454e-02  5.72348200e-02
  1.18719330e-02  7.07596615e-02  5.72316498e-02 -3.05589568e-02
  5.31529030e-03  8.57555345e-02 -1.76226385e-02  3.22693139e-02
  3.37067544e-02  7.51122693e-03  3.02440603e-03 -4.42157201e-02
 -5.29234894e-02  2.72643380e-02  7.73742273e-02 -3.88299953e-03
  1.26889534e-03 -3.04941516e-02  2.89897639e-02  3.00464202e-02
  1.14098014e-02 -9.97287706e-02 -1.57671757e-02 -2.29059756e-02
 -3.57130989e-02  3.90860364e-02  8.06397235e-04 -1.01228021e-02
  1.40328417e-02  4.84578349e-02 -2.06227936e-02 -5.25445044e-02
  1.50824701e-02 -1.77639704e-02  1.27094984e-02 -2.76384596e-02
  5.36687225e-02  6.93034800e-03  8.43826830e-02  1.94811597e-02
 -6.70618415e-02  3.21139731e-02  5.08028548e-03 -4.69968729e-02
  1.02834711e-02 -5.43261692e-02  3.64089161e-02  1.73116308e-02
  4.47797962e-02  9.54268267e-04 -2.99970750e-02 -2.65705381e-02
 -3.78956869e-02  3.71057615e-02  3.63209695e-02 -5.16273789e-02
 -6.03710115e-03 -4.72820252e-02  3.53352614e-02  1.28986258e-02
  2.70019518e-03  2.09273119e-02  3.08039761e-03 -5.56214209e-33
 -2.74520274e-02 -4.38674651e-02 -2.96888244e-03 -1.06447795e-02
 -3.30581106e-02 -6.52791420e-03 -5.13653457e-02  2.00974122e-02
 -6.83780238e-02 -3.17978971e-02 -4.15105931e-02  2.48914696e-02
  3.22544761e-02  4.98747267e-03  5.04585691e-02 -1.38197874e-03
  5.24146557e-02 -8.47081747e-03  2.99118422e-02 -1.11392410e-02
  1.74600398e-03  1.45435482e-02  1.06611744e-01 -7.06024515e-03
  3.04316729e-02  2.62731407e-02 -1.36019718e-02 -6.45412579e-02
  6.00452125e-02 -2.85623837e-02  1.95135130e-03 -4.36716042e-02
  2.57027298e-02 -4.17014696e-02  1.02192182e-02 -1.37289008e-02
 -5.26864231e-02  1.91396009e-02 -7.15495870e-02 -3.06148152e-03
 -3.87483127e-02  2.95866001e-02  3.59714590e-02  2.78235301e-02
 -3.16457003e-02  1.15976855e-02 -5.31870360e-03 -2.91686486e-02
  2.28433497e-02  4.26487923e-02 -5.02668228e-03  7.88663607e-03
 -4.74489806e-03  1.04137912e-01 -7.99641907e-02  8.14349204e-02
  1.77206770e-02 -2.01990791e-02 -7.65587166e-02  3.87237333e-02
 -3.16671021e-02  1.62876025e-02  1.77526381e-02 -2.03091782e-02
  1.54113807e-02  6.90302625e-02 -2.16024444e-02  3.01261712e-02
  1.64253023e-02 -7.15671899e-03 -1.54746668e-02 -2.94574983e-02
 -8.31914544e-02 -1.72080919e-02 -3.00386418e-02 -5.67113468e-03
  8.96504335e-03  4.78191450e-02  4.76046316e-02  4.92527746e-02
  2.13947892e-02  3.56705524e-02  7.85346255e-02 -2.50619720e-03
 -1.73333082e-02 -1.10152587e-02  3.89666781e-02  4.54541519e-02
  1.65175237e-02  2.20407359e-02  8.66171345e-03  5.81455603e-02
  3.93528342e-02 -3.91774019e-03  3.17541771e-02  5.13487905e-02
 -1.99288391e-02 -1.45263448e-02  4.28502914e-03  5.26148966e-03
 -2.97304653e-02 -3.23160179e-02 -2.42277086e-02  1.26249632e-02
  3.96201573e-03 -1.19825937e-02 -5.33513427e-02 -1.51183214e-02
 -3.18699628e-02 -2.62932610e-02 -2.48695537e-03 -1.67954178e-03
  6.41726926e-02 -6.22313470e-02 -4.81342189e-02 -4.14369628e-02
  3.08892857e-02  2.77315117e-02  3.45935822e-02  9.05346274e-02
  9.61539336e-03  8.31906311e-03 -1.12031121e-02 -5.91325806e-03
 -1.00332201e-02 -2.52849553e-02 -4.80366014e-02  9.52538569e-03
 -5.42620495e-02 -6.50973246e-02  1.38697568e-02 -6.15362823e-03
  2.38143386e-07 -2.17558653e-03  1.05408765e-02  2.22175531e-02
  1.86768789e-02 -3.22514772e-02  1.19396262e-02 -1.77468974e-02
 -2.05422333e-03  6.07651938e-03  2.83592939e-03 -4.59527709e-02
 -2.63640732e-02 -2.94867847e-02  4.73216362e-02 -4.51804660e-02
 -5.92011102e-02  1.72752459e-02  7.75782811e-03 -4.19768803e-02
 -7.14846840e-03  7.71372467e-02  1.47069879e-02 -5.34749031e-02
  3.51829678e-02  1.42844720e-02 -1.51404226e-02  3.46258767e-02
 -5.16175553e-02 -9.45219584e-03 -1.95952989e-02 -6.17679791e-04
  1.66005231e-02  8.97903088e-03 -1.88190192e-02 -2.14264705e-03
 -1.72337051e-02 -2.60192677e-02 -5.97588792e-02  5.21450862e-02
 -1.06916271e-01  5.46357036e-03 -5.41432910e-02  2.76448671e-02
 -5.74210696e-02  1.46564292e-02 -6.20948570e-03 -1.68741811e-02
 -1.00743202e-02 -5.15636615e-02  3.52880321e-02  6.56124353e-02
  1.57239083e-02 -3.94468755e-03  5.58152869e-02 -2.90262196e-02
 -1.33514474e-03 -2.81148739e-02  1.86408591e-02  2.40953565e-02
  5.83568960e-02 -2.97716986e-02  1.47753162e-02 -4.66079973e-02
  5.07898144e-02 -6.45749969e-03  7.24117234e-02  2.92739794e-02
  1.68118720e-34 -3.91275659e-02 -9.53680053e-02 -2.77738110e-03
  2.54343152e-02 -7.02632871e-03  1.64084677e-02 -5.18007018e-02
  3.03778201e-02 -2.28715707e-02 -8.30842480e-02 -7.26021640e-03]"
"During a public debate, energy analyst David Holt stated:  
*""Governments must phase out fossil fuel subsidies if they truly want a green future.","[-5.88251185e-03  1.01210952e-01  3.06926537e-02  4.09205332e-02
  1.11649756e-03 -4.05118279e-02 -1.10218441e-02  7.49384379e-03
 -2.50255950e-02 -2.90896762e-02  7.00880866e-03  7.57967159e-02
 -2.82160975e-02  7.32189743e-03 -1.12448335e-02 -5.46118915e-02
  7.32519627e-02  3.15235578e-03  6.39595389e-02  2.54221465e-02
  1.93874557e-02 -2.14810092e-02 -6.30313647e-04  8.56461644e-04
 -2.69237366e-02 -1.30441654e-02  1.18629271e-02 -7.43367523e-03
  3.55003327e-02  2.68357317e-03  5.15590832e-02  1.65160876e-02
 -7.88246805e-04 -1.57941580e-02  1.63731306e-06  1.94431422e-03
 -1.77417900e-02  1.42412763e-02 -6.06307527e-03  4.34532650e-02
  3.48985754e-02  9.45060700e-02 -1.74629614e-02  3.81406173e-02
 -2.27306951e-02 -3.33160609e-02 -3.20623833e-04 -6.19912287e-03
  7.59339109e-02 -2.66462173e-02 -7.65790092e-03  4.56424803e-02
 -6.30609412e-03 -5.71473222e-03 -3.84412259e-02  1.33160457e-01
 -3.41408304e-04 -2.29492579e-02 -5.85160293e-02 -2.18027458e-02
 -2.05920227e-02  1.01118505e-01 -4.70193513e-02 -3.87037434e-02
  5.50414138e-02  3.63375526e-03 -7.22789392e-02 -3.07375705e-03
 -1.62550844e-02  4.01128605e-02  8.48845020e-02 -2.24243142e-02
  1.67916156e-02 -8.81280284e-03 -2.66884845e-02  3.12868953e-02
 -3.91212851e-03 -1.09851465e-03 -3.57885547e-02  2.62784194e-02
  6.84853271e-02 -3.42202187e-02 -1.12586534e-02  4.24509775e-03
 -2.19198428e-02 -4.81739640e-03 -4.09165844e-02 -1.84724107e-02
  3.41213681e-02  2.78671663e-02  6.37848228e-02 -2.90371235e-02
 -5.00051863e-02 -5.45540228e-02  2.56719664e-02  2.09836662e-02
  2.80885343e-02  9.55025926e-02  3.35308872e-02 -8.35025236e-02
 -1.65233463e-02 -2.75444370e-02  1.87269747e-02 -8.20726901e-03
  4.07837629e-02 -1.35105178e-02 -6.75330460e-02  2.74527427e-02
 -4.49510776e-02  2.84267664e-02 -6.81662001e-03 -1.08306268e-02
 -5.27926348e-03 -3.97671685e-02 -2.98707392e-02 -1.25990277e-02
  4.01448272e-02  5.28169330e-03 -9.66902729e-03  7.15988949e-02
 -3.49052250e-02  3.03024799e-02  1.49860587e-02  9.52921342e-03
 -5.85450325e-03  1.06844656e-01  4.74469438e-02  3.39960419e-02
 -1.20797660e-02 -3.24334577e-02 -1.90236382e-02  1.84543559e-03
  1.07561843e-02  6.28503226e-03 -1.18268970e-02  1.20299757e-02
  1.16528217e-02 -5.15193492e-03  5.09190224e-02 -1.83180068e-02
 -1.19199539e-02  1.42350718e-02 -5.67827001e-03  2.95042293e-03
 -3.92062180e-02 -5.18907942e-02  5.50031513e-02  4.37718295e-02
 -1.62379052e-02 -8.71840306e-03  4.43828590e-02 -6.72946265e-03
 -2.65774652e-02 -2.27559060e-02  3.26548889e-02  3.66591616e-03
 -6.99334294e-02 -1.14399185e-02  2.51297373e-02  5.85429370e-03
 -2.94163823e-02 -4.15942818e-02 -1.29148802e-02 -3.94797558e-03
 -5.61857875e-03  1.33041041e-02  1.16302194e-02  5.76772215e-03
 -7.62553215e-02  2.17876304e-03 -4.07716306e-03  1.67962648e-02
 -4.75421622e-02  3.25567350e-02  1.20612318e-02 -3.39660347e-02
  2.75112800e-02 -5.69915213e-02 -3.97252925e-02  1.13696992e-01
 -1.23830121e-02  2.98630558e-02 -1.40718732e-03 -2.58986335e-02
  3.21155116e-02  3.85187124e-03  1.03352573e-02 -2.75139119e-02
  1.97793394e-02 -9.35557298e-03  1.99771952e-02  3.21969949e-02
 -1.65045541e-02  7.95920044e-02 -9.62980464e-03 -1.05378451e-02
 -4.04597446e-02  3.09643298e-02 -2.11614110e-02  2.86882883e-03
 -1.40635744e-02 -2.57304292e-02 -2.31414866e-02 -3.59461410e-03
 -4.50168550e-02  2.57520862e-02 -5.94608486e-02 -4.21652943e-02
 -2.69642901e-02  2.33864594e-05  5.92163056e-02 -3.19598205e-02
  1.51726464e-02  1.05881202e-03 -9.14218277e-03 -5.25541902e-02
 -1.05301021e-02 -1.11454725e-02 -6.51125684e-02 -1.29662105e-03
 -3.37337540e-03  5.46679869e-02 -4.66102781e-03 -1.22684166e-02
  7.40254819e-02 -7.60839274e-03 -8.03433806e-02  1.56846605e-02
  1.70075353e-02 -1.82272755e-02 -2.93787830e-02  1.36140892e-02
  4.16568629e-02 -1.86631158e-02 -5.32483775e-03  1.53690269e-02
 -1.12520566e-03  7.57242087e-04  2.41133533e-02 -9.10639241e-02
 -6.28980948e-03 -2.56213616e-03 -1.22562163e-02  2.21898425e-02
  6.59979833e-03 -2.81142117e-03  3.03113852e-02 -2.27019694e-02
 -2.70758308e-02 -1.75299682e-02  8.93620029e-03  1.36246160e-02
 -1.88019853e-02  2.82619707e-02  1.01866471e-02  1.13306344e-02
 -1.62213556e-02  1.86371822e-02 -4.75673266e-02  2.61027440e-02
  2.76794638e-02  1.20429287e-03 -1.45950895e-02  1.75614394e-02
 -2.23302227e-02 -4.06029187e-02  7.11117834e-02  2.81502772e-02
  7.78652960e-03  1.34054674e-02  2.52439659e-02 -3.48123163e-02
 -3.16461325e-02 -4.08974709e-03  3.22894077e-03  3.34602669e-02
  1.91502590e-02  4.57064472e-02 -2.21256334e-02 -9.17930249e-03
  1.83828194e-02  1.05190696e-02  2.25062184e-02  2.00839192e-02
 -1.60510596e-02  2.52794921e-02  2.90918760e-02  2.50926614e-02
  1.17193349e-02 -1.69371895e-03  3.17783956e-03 -1.77737921e-02
  4.27295491e-02  1.71854487e-03 -7.30802398e-03  2.87570944e-03
 -5.85159063e-02 -3.53663054e-04  1.91422757e-02  2.59283800e-02
 -1.88941825e-02 -4.59836833e-02 -7.54480362e-02  2.42201593e-02
  4.08591293e-02  9.14124586e-03  5.10442853e-02  2.24462263e-02
  8.41469839e-02 -4.13658051e-03  1.75937247e-02  2.13798359e-02
  5.28771728e-02  6.44436553e-02  1.40216975e-02 -1.29556702e-02
 -2.62267664e-02 -1.16280718e-02 -6.55940967e-03 -1.71624385e-02
 -4.08936106e-02 -3.04430500e-02  1.80613250e-02 -1.47158541e-02
 -6.11749012e-03 -2.92210020e-02 -1.56027256e-02 -3.58385630e-02
 -2.20917482e-02 -4.29091640e-02 -1.93446334e-02  2.70546861e-02
  6.43623918e-02 -2.63112574e-03 -7.42528290e-02 -1.25214625e-02
  1.78987142e-02  3.94606180e-02 -4.59929667e-02  2.85666604e-02
 -3.63994539e-02 -5.17958105e-02  1.24499062e-03 -6.89293146e-02
 -1.55932633e-02 -1.88088801e-03  5.65952715e-03 -8.28016642e-03
 -4.29195911e-02 -4.72264327e-02  7.96535797e-03 -3.96299269e-03
  4.08815145e-02  1.22836861e-03  5.16471043e-02  8.47592503e-02
 -4.33016866e-02 -8.06288607e-03 -1.74904652e-02  2.38924883e-02
  2.00147182e-02  3.22221853e-02 -2.73952563e-03  1.08093899e-02
 -4.72766086e-02  6.96911057e-03  2.13987585e-02  3.79907452e-02
 -2.06932742e-02 -3.39449346e-02 -2.22909488e-02 -6.14746287e-03
 -1.80655885e-02  1.26528256e-02 -3.69237512e-02  6.52642101e-02
  1.60088751e-03  1.78534817e-02  4.45176773e-02 -1.84000991e-02
  2.49525551e-02 -9.69653055e-02  8.95967428e-03 -1.87259205e-02
 -2.95973737e-02  3.74290980e-02  3.02732699e-02 -6.55310079e-02
  6.49691001e-02  2.95466818e-02 -1.72002297e-02  5.05438447e-02
  8.86613280e-02 -4.77068834e-02 -2.65228259e-03 -2.32943296e-02
 -6.03974648e-02 -1.13491784e-03  3.59547958e-02  1.32040689e-02
  3.86705324e-02  2.82587241e-02  3.56450118e-02 -6.06318787e-02
  3.66351637e-03 -4.13749274e-03  4.91046458e-02  7.96074793e-02
 -1.12674888e-02 -7.49772042e-02 -1.33415107e-02 -8.15976858e-02
 -3.71894948e-02 -2.10745819e-02 -2.73131188e-02 -1.96922179e-02
 -1.32310856e-02 -1.90249365e-02  5.75279957e-03  4.11147252e-02
 -1.53537542e-02  4.00245972e-02  3.05108614e-02 -5.06764092e-02
 -2.70456821e-02  1.61125772e-02  7.79269263e-02 -6.89161662e-03
  1.94729641e-02 -4.29423451e-02  4.33576368e-02 -8.57216418e-02
 -9.17432308e-02 -4.45697717e-02 -9.03999135e-02  7.95030594e-02
 -2.21337061e-02 -2.02553943e-02  4.45388705e-02  5.66631230e-03
  2.62004957e-02 -3.16055417e-02 -2.02364791e-02 -5.88102043e-02
  3.36468518e-02  3.13172862e-02  4.33816090e-02  3.16224322e-02
  5.43151684e-02 -2.79497709e-02 -2.35772505e-02 -3.94297913e-02
 -4.66633067e-02  4.39635403e-02  1.65440012e-02  9.80890635e-03
  1.85084168e-03  7.49571174e-02 -2.51094289e-02  2.10436303e-02
  1.28356656e-02  1.06821712e-02  2.72215940e-02  3.83082330e-02
  6.06870651e-02 -7.82326236e-03  7.44637549e-02  6.67993072e-03
 -2.40937178e-03  1.32527342e-02 -6.51205890e-03 -7.12608872e-03
  1.88964251e-02  3.86909842e-02 -1.69054011e-03 -4.65575680e-02
 -6.47730939e-03 -8.13283864e-03  4.72433418e-02  2.71149408e-02
 -7.81377684e-03  5.01577258e-02  6.54330710e-03 -6.18558656e-03
  1.64245553e-02 -2.93442011e-02  4.78619896e-02 -9.88392252e-03
 -3.96146551e-02  2.62161456e-02  2.64832787e-02  7.49969017e-03
 -5.82685098e-02  4.15392183e-02 -2.28855815e-02  2.08356641e-02
  1.67769268e-02  9.43212286e-02  6.24715239e-02 -1.29228029e-02
 -2.08774004e-02 -1.27029484e-02  1.02325669e-02 -1.65594544e-03
 -7.79520767e-03  3.44545580e-03  4.36472856e-02  8.81701428e-03
  8.75759590e-03 -1.10418850e-03  5.65707423e-02 -8.94523226e-03
 -1.87752116e-02 -7.34918341e-02 -3.12161203e-02 -4.67782505e-02
 -1.15999943e-02  5.34984842e-02 -4.22189236e-02  3.28518301e-02
 -3.55764804e-03  2.18672622e-02 -1.11102182e-02 -1.26539599e-02
 -2.98946369e-02 -8.97121895e-03  2.42655631e-03 -3.11715715e-02
 -4.87755500e-02 -3.76942977e-02  7.18992054e-02  1.11958105e-02
 -1.54097192e-02 -3.65316086e-02 -6.88132942e-02 -9.29098874e-02
 -1.16971750e-02 -6.61914423e-02  2.92224474e-02 -2.72744015e-04
  1.86700188e-02  1.60772055e-02  2.82232445e-02  2.93233730e-02
  4.02218401e-02  3.36083956e-02  2.74314024e-02 -6.07438087e-02
 -6.23462116e-03 -8.30095261e-02  4.35405448e-02  2.96831708e-02
 -6.32743165e-02  1.16145797e-02  6.08817535e-03 -6.32494792e-33
  4.61344345e-04  2.73669772e-02  5.45889651e-03 -1.66345276e-02
 -2.23984718e-02  2.48526372e-02 -3.20270099e-03 -4.04808782e-02
 -5.69763817e-02  4.09656670e-03 -8.56523030e-03  2.20877305e-02
  3.13418098e-02 -5.56912553e-03 -1.67539995e-02  8.44568294e-03
  6.18808232e-02  2.20521423e-03  1.47091020e-02  1.37327360e-02
  4.25726846e-02 -5.36655635e-03  5.33568375e-02  3.55257504e-02
  3.02435085e-02  2.20478363e-02 -2.29020044e-02  2.36921571e-02
 -3.78495976e-02 -5.08647524e-02 -1.23681929e-02  3.79199497e-02
  9.51228943e-03 -4.65309136e-02 -1.95878632e-02  7.30240270e-02
 -1.02439774e-02 -1.85383148e-02  1.07356999e-02 -3.60021517e-02
 -1.11473501e-02  5.06556109e-02  5.36821317e-03  2.93431133e-02
 -2.22411174e-02  5.75127788e-02 -1.02107963e-02 -3.67557295e-02
  7.49803707e-03  3.91641678e-03  1.71378609e-02 -1.19192982e-02
 -4.55429740e-02  8.86144266e-02 -8.01499709e-02  4.66173179e-02
 -3.62467510e-03 -2.38632946e-03 -4.04598974e-02  4.62185815e-02
  6.45065159e-02  6.41478866e-04  2.25351658e-02  6.17954582e-02
 -1.51178604e-02  2.86320448e-02  1.50109781e-03  7.98876304e-03
 -2.35536583e-02 -6.42251596e-03 -1.10733863e-02 -5.12631657e-03
 -5.40175214e-02  4.41724248e-02 -9.81722493e-03  1.69995483e-02
 -2.30206940e-02  6.74880892e-02 -9.07048769e-03  5.13001122e-02
 -2.32297741e-03 -1.88280344e-02  5.12463748e-02 -1.03602381e-02
 -4.80273366e-02  1.48920352e-02 -1.33302072e-02  8.44503939e-02
  3.31184804e-03 -1.82461797e-03 -2.03415379e-02  3.28053124e-02
  4.20199893e-02 -1.55911203e-02  3.47970128e-02  8.30685869e-02
 -3.67678478e-02 -1.98274553e-02  5.03303716e-03  1.38614254e-04
 -5.63607849e-02 -4.71478095e-03 -1.70896165e-02  3.56709734e-02
  3.07303644e-03  1.91270013e-03 -1.88096426e-02 -5.53915091e-02
 -3.31073031e-02 -1.55509431e-02 -4.34724465e-02 -3.59863676e-02
  1.42507069e-02 -5.24594821e-02 -1.24590099e-02 -1.63540151e-02
  1.80579629e-02  2.29197592e-02 -4.81440984e-02  2.76090316e-02
 -1.67023800e-02  3.67164686e-02 -1.12477327e-02  2.41659600e-02
 -1.08237881e-02  5.44995256e-03  2.39321142e-02 -3.68603542e-02
 -4.77798469e-02 -6.04330972e-02 -1.92694943e-02 -1.37175713e-02
  2.40458377e-07 -1.23757459e-02 -2.96843443e-02  1.50040090e-02
 -1.02433614e-01 -2.63593104e-02  2.25251857e-02  2.31492147e-03
  2.49482431e-02 -6.12508766e-02  6.30971715e-02  3.24277729e-02
 -2.08630152e-02 -3.67827117e-02 -1.15777226e-02 -3.04738302e-02
 -6.76459521e-02 -5.06440997e-02 -3.44918519e-02  7.08600832e-03
 -2.77964748e-03  4.23235726e-03 -2.13007107e-02 -4.26950864e-02
  3.70244001e-04  2.34163292e-02  3.98597755e-02  3.06678675e-02
 -2.32126415e-02 -1.07400483e-02 -1.15513429e-02 -4.04105429e-03
 -3.90203595e-02 -7.49509642e-03 -2.55217608e-02  1.53210582e-02
 -5.33660278e-02 -4.21988182e-02  4.52067330e-02  1.91653296e-02
 -7.82224834e-02 -7.26032183e-02  1.68294907e-02  5.78217581e-03
  1.97879244e-02 -2.84869894e-02  2.05087718e-02  6.17296528e-03
 -6.97171986e-02 -7.84674957e-02 -2.23652183e-04  1.93432271e-02
 -7.08105136e-03 -7.49864895e-03  6.68189395e-03 -2.70002726e-02
 -1.38469832e-02 -3.42614613e-02  1.35419918e-02  6.77808654e-03
  3.03433780e-02 -2.51282137e-02  2.69200578e-02 -2.86197755e-02
  1.27119794e-01  3.01575679e-02  2.45818147e-03  2.36126631e-02
  1.49215049e-34 -2.52317581e-02 -3.24911475e-02 -3.30287926e-02
 -5.60294315e-02  1.12110274e-02  4.76826960e-03  2.21303431e-03
  2.93625034e-02  3.60120013e-02 -5.47253303e-02  3.35479714e-02]"
